price, date, volume, best_bid, best_ask
1637121095101, 59497.03,0.00591429,59497.03,59497.04
1637121095267, 59497.04,0.00046871,59497.03,59497.04
1637121095719, 59497.03,0.01170429,59497.03,59497.04
1637121095760, 59497.04,0.00112106,59497.03,59497.04
1637121095836, 59497.04,0.05066453,59497.03,59500.00
1637121096158, 59500,0.0000448,59499.99,59500.00
1637121096166, 59500,0.12498627,59499.99,59500.00
1637121096166, 59500,0.07330865,59499.99,59500.00
1637121096166, 59500,0.02815303,59499.99,59500.00
1637121096166, 59500,0.00442865,59499.99,59500.00
1637121096166, 59500,0.02526,59499.99,59500.00
1637121096166, 59500,0.09529304,59499.99,59500.00
1637121096166, 59500,0.0264665,59499.99,59500.00
1637121096166, 59500,0.19943419,59499.99,59500.00
1637121096166, 59500,0.00986602,59499.99,59500.00
1637121096171, 59500,0.06007281,59499.99,59508.93
1637121096171, 59508.93,0.06490658,59499.99,59508.93
1637121096196, 59508.93,0.00004157,59499.99,59508.93
1637121096202, 59508.93,0.00605185,59508.92,59508.94
1637121096202, 59508.94,0.01394815,59508.92,59508.94
1637121096234, 59508.94,0.05,59508.93,59508.94
1637121096243, 59508.94,0.00705185,59508.93,59510.43
1637121096243, 59510.43,0.00336616,59508.93,59510.58
1637121096243, 59510.58,0.00432397,59508.93,59510.60
1637121096243, 59510.6,0.08,59508.93,59514.89
1637121096278, 59514.89,0.071,59508.93,59520.84
1637121096833, 59520.84,0.00494832,59517.73,59520.84
1637121096883, 59520.84,0.00030974,59517.73,59520.84
1637121097208, 59517.76,0.01673543,59517.75,59517.76
1637121097298, 59517.76,0.0004112,59514.06,59517.76
1637121097481, 59514.06,0.00058164,59514.06,59514.07
1637121097530, 59514.06,0.19806,59514.06,59514.07
1637121097559, 59514.06,0.00000594,59505.00,59514.07
1637121097702, 59505.01,0.00004564,59505.00,59505.01
1637121098142, 59505.01,0.0001675,59505.00,59505.01
1637121098211, 59505,0.000034,59505.00,59505.01
1637121098354, 59505.01,0.00039332,59505.00,59505.01
1637121098429, 59505.01,0.00066909,59505.00,59505.01
1637121098464, 59505.01,0.00329595,59505.00,59505.01
1637121098489, 59505.01,0.00162297,59505.00,59505.01
1637121098643, 59505.01,0.06967,59505.00,59505.01
1637121098849, 59505,0.00009402,59505.00,59505.01
1637121099358, 59516.24,0.00068388,59512.30,59516.35
1637121099358, 59516.35,0.00052084,59512.30,59516.35
1637121099446, 59512.91,0.00137596,59512.91,59516.24
1637121100773, 59511.21,0.03112314,59511.20,59511.21
1637121100966, 59511.2,0.25212398,59508.66,59511.21
1637121100966, 59508.66,0.08400527,59507.72,59511.21
1637121100966, 59507.72,0.00028628,59507.72,59511.21
1637121101015, 59510.99,0.00039316,59510.31,59510.99
1637121101118, 59511.21,0.00835997,59510.53,59511.21
1637121101288, 59511.18,0.00162297,59510.31,59511.18
1637121101331, 59511.21,0.01712585,59510.31,59511.21
1637121101573, 59510.32,0.00250936,59510.31,59510.32
1637121102122, 59507.78,0.01608144,59507.77,59507.78
1637121102130, 59511.21,0.1250404,59507.77,59511.21
1637121102130, 59511.21,0.03797358,59507.77,59511.21
1637121102134, 59511.21,0.10003232,59507.77,59511.21
1637121102134, 59511.21,0.12503492,59507.77,59511.21
1637121102139, 59511.2,0.04,59507.80,59511.21
1637121102139, 59511.21,0.08496945,59507.80,59511.21
1637121102161, 59511.21,0.00877,59511.20,59511.21
1637121102173, 59511.21,0.03797358,59511.20,59511.21
1637121102174, 59511.21,0.00359993,59511.20,59512.91
1637121102180, 59512.91,0.015,59511.20,59516.24
1637121102216, 59516.24,0.00075185,59512.90,59516.24
1637121102216, 59516.24,0.00188,59512.90,59524.13
1637121102542, 59533.53,0.00047533,59528.29,59533.53
1637121102607, 59528.29,0.00268617,59528.29,59533.53
1637121102700, 59533.53,0.23883303,59533.52,59540.00
1637121102740, 59530.24,0.00003291,59530.24,59539.85
1637121103231, 59540,0.00778079,59535.95,59540.00
1637121103697, 59538.51,0.00412106,59530.86,59538.51
1637121103978, 59528.76,0.00039332,59528.75,59528.76
1637121104199, 59528.64,0.0016715,59528.63,59528.64
1637121104666, 59528.63,0.00021071,59528.63,59528.64
1637121104698, 59524.36,0.00039297,59524.35,59524.36
1637121105204, 59528.13,0.01648425,59524.62,59528.13
1637121105622, 59527.1,0.25207,59527.09,59527.10
1637121105742, 59538.51,0.00167372,59538.50,59538.51
1637121105781, 59538.51,0.0025936,59538.50,59538.51
1637121105845, 59538.51,0.00160809,59538.50,59538.51
1637121106774, 59538.51,0.00377914,59538.50,59538.51
1637121106995, 59538.51,0.00010958,59538.50,59538.51
1637121107016, 59538.51,0.00078588,59538.50,59538.51
1637121107384, 59538.5,0.00010014,59534.58,59538.51
1637121107384, 59534.58,0.00201062,59534.58,59538.51
1637121107394, 59527.15,0.1673485,59527.09,59538.51
1637121107394, 59527.09,0.8326515,59527.09,59538.51
1637121107582, 59533.71,0.00182177,59530.01,59533.71
1637121107978, 59533.71,0.00167136,59530.70,59533.71
1637121108025, 59533.71,0.00170399,59530.76,59533.71
1637121108185, 59530.71,0.01671448,59530.70,59530.71
1637121108245, 59530.71,0.00167144,59527.20,59530.71
1637121108373, 59524.04,1.861,59523.02,59527.08
1637121108373, 59523.02,0.0016833,59517.81,59527.08
1637121108459, 59517.81,0.00498315,59517.81,59517.82
1637121108523, 59517.81,0.02569951,59517.81,59517.82
1637121108524, 59517.81,0.02131734,59510.56,59517.82
1637121108546, 59509.08,0.00168,59509.08,59515.56
1637121109367, 59500.41,0.00087105,59500.40,59500.41
1637121109487, 59500.41,0.00245945,59500.40,59500.41
1637121110018, 59500.41,0.00824393,59500.40,59500.41
1637121110051, 59496.61,0.001683,59496.61,59499.66
1637121110173, 59496.62,0.01647184,59496.61,59496.62
1637121110184, 59496.62,0.02471642,59496.61,59496.62
1637121110501, 59496.51,0.00009103,59496.51,59496.52
1637121110807, 59496.52,0.00179071,59496.51,59496.52
1637121111277, 59496.52,0.00378979,59496.51,59496.52
1637121112034, 59496.52,0.00823592,59496.51,59496.52
1637121112170, 59498.01,0.00392738,59498.01,59499.48
1637121112420, 59499.48,0.0016833,59499.47,59500.41
1637121112665, 59500.41,0.00016437,59500.40,59500.41
1637121112800, 59500.41,0.00162174,59500.40,59500.41
1637121112859, 59500.41,0.00039291,59500.40,59500.41
1637121112895, 59500.41,0.0033691,59500.40,59500.41
1637121113187, 59500.41,0.00329462,59500.40,59500.41
1637121113352, 59500.41,0.00055167,59500.40,59500.41
1637121113699, 59500.41,0.00214414,59500.40,59500.41
1637121113758, 59500.41,0.01648633,59500.40,59500.41
1637121113888, 59500.4,0.00036844,59496.56,59500.41
1637121113888, 59496.56,0.00030993,59496.56,59500.41
1637121114034, 59500.4,0.0008026,59496.68,59500.40
1637121114242, 59500.41,0.00329346,59500.40,59500.41
1637121114390, 59500.41,0.00321428,59500.40,59500.41
1637121114468, 59500.41,0.01647184,59497.00,59500.41
1637121114560, 59500.41,0.00015067,59500.40,59500.41
1637121114856, 59500.41,0.00015063,59498.20,59500.41
1637121115070, 59500.4,0.00329346,59498.23,59500.40
1637121115299, 59498.91,0.000343,59496.66,59498.91
1637121115766, 59500.41,0.00811238,59496.77,59500.41
1637121115946, 59500.41,0.00041807,59500.40,59500.41
1637121116353, 59500.41,0.00659373,59500.40,59500.41
1637121116570, 59500.41,0.02,59500.40,59500.41
1637121116795, 59500.41,0.00804081,59500.40,59500.41
1637121116982, 59500.41,0.00015067,59500.40,59500.41
1637121117211, 59500.4,0.012,59500.40,59500.41
1637121117211, 59500.4,0.04193309,59500.40,59500.41
1637121117211, 59500.4,0.00032281,59500.40,59500.41
1637121117211, 59500.4,0.071,59500.40,59500.41
1637121117211, 59500.4,0.05,59497.59,59500.41
1637121117367, 59499.09,0.0000441,59497.59,59500.41
1637121117367, 59500.41,0.0004559,59497.59,59500.41
1637121117474, 59500.41,0.00329249,59500.40,59500.41
1637121117855, 59500.4,0.00028187,59500.40,59500.41
1637121117855, 59500.4,0.00747249,59500.40,59500.41
1637121117985, 59500.41,0.00110959,59500.40,59500.41
1637121118117, 59500.41,0.25,59500.40,59500.41
1637121118139, 59500.41,0.0694685,59500.40,59500.41
1637121118201, 59500.41,0.16,59500.40,59500.41
1637121118411, 59500.4,0.001767,59500.40,59500.41
1637121118492, 59500.41,0.18895582,59500.40,59510.26
1637121119325, 59515.09,0.00015205,59513.75,59515.09
1637121119642, 59515.05,0.00039343,59513.74,59515.05
1637121120099, 59515.05,0.00162139,59513.74,59515.05
1637121120283, 59515.09,0.0083585,59513.74,59515.09
1637121120515, 59513.75,0.0001491,59513.74,59513.75
1637121121142, 59513.75,0.00991341,59513.74,59513.75
1637121121535, 59513.75,0.00162139,59513.74,59513.75
1637121121779, 59513.75,0.03137861,59513.74,59515.09
1637121121779, 59515.09,0.14255018,59513.74,59515.09
1637121121871, 59513.74,0.00023042,59512.87,59513.76
1637121121871, 59512.87,0.00936958,59512.87,59513.76
1637121122025, 59512.88,0.00004256,59512.87,59512.88
1637121122232, 59512.88,0.00411679,59512.87,59512.88
1637121122595, 59512.88,0.00168757,59512.87,59512.88
1637121122920, 59514.92,0.00080242,59512.87,59514.92
1637121122985, 59513.43,0.00103641,59512.87,59513.43
1637121123162, 59512.88,0.01647184,59512.87,59512.88
1637121123353, 59514.99,0.00411707,59512.87,59514.99
1637121123702, 59515.08,0.0323454,59512.87,59515.09
1637121123702, 59515.09,0.00059828,59512.87,59515.09
1637121124322, 59515.09,0.00245707,59512.13,59515.09
1637121124609, 59515.09,0.00030934,59512.95,59515.09
1637121124679, 59513.04,0.00008441,59513.04,59515.09
1637121124796, 59513.05,0.00167194,59513.04,59513.05
1637121124816, 59513.05,0.03293635,59513.04,59513.05
1637121125128, 59512.12,0.00030949,59512.11,59512.12
1637121125301, 59512.11,0.00080242,59510.48,59512.11
1637121125555, 59510.49,0.00030937,59510.48,59510.49
1637121125979, 59510.49,0.00658734,59510.48,59510.49
1637121126312, 59504.53,0.0008024,59500.74,59504.53
1637121126392, 59504.53,0.00241078,59504.52,59504.53
1637121126691, 59506.67,0.00168288,59502.93,59506.67
1637121126766, 59503.48,0.00445626,59503.48,59508.92
1637121127022, 59505.79,0.00167201,59503.48,59505.79
1637121127085, 59508.03,0.04580875,59503.56,59508.03
1637121127199, 59503.49,0.00015064,59500.41,59503.49
1637121127387, 59500.52,0.00039589,59500.52,59503.07
1637121127464, 59503.07,0.00823592,59500.41,59503.07
1637121127643, 59500.45,0.00050157,59500.41,59500.45
1637121127751, 59500.41,0.28,59500.41,59500.42
1637121127751, 59500.41,0.28351,59500.41,59500.42
1637121127763, 59500.41,0.02,59500.41,59500.42
1637121127774, 59500.41,0.41649,59500.41,59500.42
1637121127774, 59500.41,0.00019963,59497.61,59500.42
1637121127835, 59497.61,0.0016833,59496.52,59497.62
1637121127835, 59496.52,0.00335083,59496.51,59497.62
1637121127835, 59496.51,0.03951425,59485.21,59497.62
1637121128027, 59490.13,0.00881628,59485.21,59490.13
1637121128525, 59484.31,0.00082323,59484.30,59484.31
1637121128561, 59484.3,0.0041419,59484.30,59484.31
1637121128561, 59484.3,0.00051867,59478.30,59484.31
1637121128683, 59478.31,0.01646828,59478.30,59478.31
1637121128691, 59478.3,0.071,59468.97,59478.31
1637121128772, 59468.98,0.0000358,59468.97,59468.98
1637121128899, 59468.98,0.02,59468.97,59468.98
1637121128941, 59468.97,0.01,59466.87,59468.98
1637121128967, 59466.87,0.071,59463.35,59468.98
1637121128987, 59463.35,1.37003468,59463.35,59463.36
1637121129123, 59453.73,0.00248113,59451.09,59453.73
1637121129311, 59451.14,0.000337,59451.14,59455.96
1637121129369, 59455.96,0.106827,59451.15,59456.89
1637121129684, 59452.4,0.000078,59452.40,59455.96
1637121129940, 59454.82,0.02345377,59454.82,59455.96
1637121129999, 59455.96,0.04118071,59452.48,59455.96
1637121130081, 59455.96,0.034,59452.67,59455.96
1637121130081, 59455.96,0.0138266,59452.67,59456.82
1637121130081, 59456.82,0.04,59452.67,59456.83
1637121130081, 59456.83,0.106827,59452.67,59456.90
1637121130081, 59456.9,0.0016833,59452.67,59459.78
1637121130081, 59459.78,0.08565536,59452.67,59459.78
1637121130234, 59458.77,0.01647249,59455.22,59458.77
1637121130295, 59458.77,0.00287492,59455.22,59458.77
1637121130624, 59458.77,0.00080266,59455.73,59458.77
1637121130803, 59456.91,0.00447,59455.73,59458.77
1637121130803, 59458.77,0.01233296,59455.73,59458.77
1637121131159, 59458.77,0.00097702,59456.21,59458.77
1637121131509, 59456.21,0.000067,59456.21,59458.77
1637121131712, 59456.41,0.000842,59456.41,59458.77
1637121131893, 59458.77,0.01647042,59456.41,59458.77
1637121132014, 59458.77,0.00167347,59456.41,59458.77
1637121132075, 59458.77,0.00401938,59456.41,59458.77
1637121132511, 59458.77,0.00537213,59456.41,59458.77
1637121132745, 59458.77,0.00658992,59458.76,59458.77
1637121132839, 59458.77,0.00823414,59458.76,59458.77
1637121133664, 59458.77,0.00032608,59458.76,59458.77
1637121133960, 59458.77,0.06142,59458.76,59458.77
1637121133998, 59458.77,0.00000706,59458.76,59463.33
1637121133998, 59463.33,0.18654294,59458.76,59463.33
1637121133999, 59458.76,0.000077,59458.76,59463.33
1637121134360, 59471.82,0.0016833,59471.81,59472.62
1637121134360, 59472.62,0.00243491,59471.81,59472.62
1637121134850, 59472.3,0.000236,59472.30,59472.31
1637121135162, 59478.31,0.0000439,59478.30,59478.31
1637121135248, 59478.31,0.002,59478.30,59478.31
1637121135457, 59478.31,0.00611283,59474.52,59480.17
1637121135457, 59480.17,0.24481759,59474.52,59480.17
1637121136354, 59478.3,0.03294684,59471.81,59478.30
1637121137369, 59472.7,0.00106074,59471.81,59472.70
1637121137513, 59472.71,0.00049475,59471.81,59472.71
1637121137565, 59472.71,0.00834481,59471.81,59472.71
1637121137598, 59472.71,0.00034294,59472.70,59472.71
1637121137610, 59472.71,0.00329378,59472.70,59472.71
1637121137988, 59472.71,0.00004033,59472.70,59472.71
1637121138058, 59472.71,0.01675578,59472.70,59472.71
1637121138296, 59472.71,0.00005193,59472.70,59472.71
1637121138377, 59472.71,0.15,59472.70,59472.71
1637121138550, 59472.71,0.00501923,59472.70,59472.71
1637121138550, 59472.71,0.00495437,59472.70,59472.71
1637121138559, 59472.71,0.0049421,59472.70,59472.71
1637121138646, 59472.7,0.013,59471.81,59472.71
1637121138666, 59472.71,0.00006704,59471.81,59472.71
1637121138696, 59472.71,0.00229083,59471.81,59472.71
1637121139853, 59471.82,0.00030937,59471.81,59471.82
1637121140493, 59471.82,0.00160781,59471.81,59471.82
1637121140554, 59471.82,0.00080266,59471.81,59471.82
1637121140896, 59471.82,0.00055188,59471.81,59471.82
1637121141065, 59471.82,0.00160753,59471.81,59471.82
1637121141562, 59471.81,0.01004949,59471.81,59471.82
1637121141566, 59471.82,0.00162186,59471.81,59471.82
1637121141740, 59471.82,0.00053845,59471.81,59471.82
1637121141870, 59471.81,0.01605414,59471.81,59471.82
1637121142175, 59471.82,0.00015065,59471.81,59471.82
1637121142314, 59471.82,0.00022984,59471.81,59471.82
1637121142375, 59471.81,0.04372,59471.81,59471.82
1637121142379, 59471.82,0.00245959,59471.81,59471.82
1637121142499, 59460.86,0.00039305,59457.77,59460.86
1637121142914, 59457.77,0.0016833,59449.16,59457.78
1637121142914, 59449.16,0.08281253,59449.16,59457.78
1637121143103, 59449.72,0.00095321,59443.21,59449.72
1637121143392, 59449.73,0.00015065,59443.55,59449.73
1637121143461, 59449.73,0.00325371,59443.45,59449.73
1637121143518, 59449.73,0.00162186,59443.45,59449.73
1637121143539, 59449.74,0.00982685,59443.39,59449.74
1637121144226, 59443.22,0.0048236,59443.21,59443.22
1637121144251, 59443.21,0.00251,59443.21,59443.22
1637121144313, 59443.21,0.00000985,59441.74,59443.22
1637121144313, 59441.74,0.00161958,59440.89,59443.22
1637121144313, 59440.89,0.00098057,59440.89,59443.22
1637121144318, 59440.89,0.00002539,59430.53,59443.22
1637121144559, 59438.8,0.00055644,59430.59,59439.53
1637121144559, 59439.53,0.00106558,59430.59,59439.53
1637121144618, 59439.53,0.00145483,59430.62,59439.53
1637121144656, 59430.59,0.0002427,59430.59,59439.53
1637121144844, 59438.22,0.00162202,59430.59,59438.22
1637121145418, 59437.41,0.00168232,59435.35,59438.21
1637121145418, 59438.21,0.01480289,59435.35,59438.21
1637121145627, 59438.21,0.00030969,59428.08,59438.21
1637121145844, 59435.36,0.001,59435.36,59435.37
1637121145853, 59435.36,0.00000596,59428.03,59435.37
1637121145867, 59428.03,0.04,59428.02,59428.09
1637121145870, 59428.02,0.16798578,59425.40,59428.09
1637121145961, 59425.4,0.007,59421.31,59425.41
1637121146171, 59421.31,0.000798,59421.31,59421.32
1637121146266, 59421.32,0.01812215,59421.31,59421.32
1637121146470, 59421.32,0.00039329,59421.31,59421.32
1637121146546, 59421.32,0.00030969,59421.31,59421.32
1637121146591, 59421.32,0.0016231,59421.31,59421.32
1637121146661, 59421.32,0.00329613,59421.31,59421.32
1637121147163, 59425.4,0.00030467,59425.39,59425.40
1637121147393, 59430.71,0.001179,59430.70,59430.71
1637121147428, 59430.71,0.00233934,59430.70,59431.28
1637121147428, 59431.28,0.033264,59430.70,59431.29
1637121147428, 59431.29,0.01381219,59430.70,59431.29
1637121147910, 59432.41,0.00411868,59422.91,59432.41
1637121148306, 59432.78,0.04,59424.43,59432.79
1637121148306, 59432.79,0.10230716,59424.43,59432.79
1637121148515, 59432.88,0.00160781,59425.69,59432.88
1637121148563, 59432.89,0.0001672,59426.93,59432.89
1637121148639, 59432.88,0.00241324,59426.93,59432.88
1637121148711, 59432.89,0.00080324,59426.93,59432.89
1637121148885, 59431.44,0.00824259,59431.43,59431.44
1637121149077, 59431.43,0.000803,59422.04,59432.88
1637121149077, 59422.04,0.01736036,59422.04,59432.88
1637121150151, 59436.88,0.0016833,59436.87,59438.02
1637121150151, 59438.02,0.00243805,59436.87,59438.02
1637121150553, 59437.21,0.007107,59429.25,59438.00
1637121150553, 59438,0.00860954,59429.25,59438.02
1637121150553, 59438.02,0.0172303,59429.25,59438.02
1637121151209, 59432.89,0.00321579,59429.66,59432.89
1637121151457, 59422.06,0.00010055,59422.05,59422.06
1637121151755, 59425.33,0.00861099,59422.28,59425.34
1637121151755, 59425.34,0.01590999,59422.28,59425.34
1637121151844, 59422.43,0.0403208,59422.05,59426.12
1637121151844, 59422.05,0.0016833,59422.05,59426.12
1637121151844, 59422.05,0.03883464,59415.79,59426.12
1637121151844, 59415.79,0.00332526,59415.79,59426.12
1637121151891, 59425.75,0.00017584,59418.14,59425.75
1637121152224, 59418.14,0.071,59415.79,59422.00
1637121152224, 59415.79,0.01696584,59414.52,59422.00
1637121152224, 59414.52,0.04,59414.51,59422.00
1637121152224, 59414.51,0.20033416,59414.51,59422.00
1637121152288, 59420.92,0.01236388,59415.48,59420.92
1637121153107, 59414.96,0.000118,59414.96,59420.91
1637121153160, 59420.87,0.00837268,59414.96,59420.87
1637121153185, 59420.87,0.00013725,59414.96,59420.87
1637121153194, 59420.87,0.00080274,59414.96,59420.87
1637121153322, 59414.96,0.001681,59414.96,59420.91
1637121153353, 59420.92,0.00144889,59414.96,59420.92
1637121153407, 59415.91,0.00863703,59415.91,59420.92
1637121153407, 59415.91,0.071,59414.52,59420.92
1637121153407, 59414.52,0.04,59414.51,59420.92
1637121153407, 59414.51,0.62836297,59414.51,59420.92
1637121153614, 59423.62,0.00329618,59420.76,59423.62
1637121153720, 59425.99,0.00090435,59423.61,59425.99
1637121153869, 59426.12,0.015,59426.11,59426.12
1637121153960, 59426.48,0.12585,59426.11,59426.49
1637121153960, 59426.11,0.0839,59417.05,59426.49
1637121153960, 59417.05,0.106827,59417.00,59426.49
1637121153960, 59417,0.119378,59416.89,59426.49
1637121153960, 59416.89,0.20726569,59413.52,59426.49
1637121153960, 59413.52,0.01944569,59413.30,59426.49
1637121153960, 59413.3,0.24805349,59413.29,59426.49
1637121153960, 59413.29,0.000503,59413.29,59426.49
1637121153960, 59413.29,0.071,59413.12,59426.49
1637121153960, 59413.12,0.01777713,59413.12,59426.49
1637121154064, 59429.68,0.00066977,59429.67,59429.68
1637121154168, 59437.21,0.00039334,59429.85,59437.21
1637121154232, 59437.15,0.02518636,59429.85,59437.15
1637121154419, 59435.77,0.00824737,59429.85,59435.77
1637121154475, 59436.9,0.03,59429.85,59436.90
1637121154854, 59429.85,0.0006752,59429.85,59435.23
1637121154922, 59435.03,0.00387407,59429.85,59435.03
1637121155204, 59435.22,0.00669653,59429.86,59435.22
1637121155965, 59424.7,0.00003246,59424.70,59429.97
1637121156010, 59429.97,0.00162307,59424.70,59429.97
1637121156049, 59424.7,0.00282839,59423.48,59429.97
1637121156049, 59423.48,0.02401961,59423.48,59429.97
1637121156158, 59433.63,0.0839,59427.70,59438.22
1637121156158, 59427.7,0.106827,59427.49,59438.22
1637121156158, 59427.49,0.02867861,59426.04,59438.22
1637121156158, 59426.04,0.0851554,59426.04,59438.22
1637121156560, 59438.22,0.0020089,59430.78,59438.22
1637121156638, 59434.5,0.00136147,59430.78,59434.50
1637121156724, 59434.5,0.00246694,59426.98,59434.50
1637121156899, 59432.26,0.00008383,59421.31,59432.26
1637121157671, 59421.32,0.00030937,59421.31,59421.32
1637121157781, 59421.32,0.00162438,59421.31,59421.32
1637121157854, 59421.31,0.002521,59421.31,59425.58
1637121157918, 59425.58,0.0016744,59421.45,59425.58
1637121158385, 59425.42,0.00080274,59421.31,59425.42
1637121158674, 59427.36,0.00162186,59421.39,59427.36
1637121158949, 59428.38,0.01647249,59421.39,59428.38
1637121159219, 59426.52,0.00006709,59422.37,59426.52
1637121159552, 59435.12,0.00608778,59426.88,59435.12
1637121159665, 59435.11,0.009,59435.10,59435.11
1637121159667, 59435.11,0.01,59435.10,59437.86
1637121159919, 59437.86,0.01,59437.85,59437.86
1637121159924, 59437.86,0.00083719,59437.85,59437.86
1637121160077, 59437.86,0.02216281,59437.85,59438.22
1637121160077, 59438.22,0.20486069,59437.85,59439.79
1637121160077, 59439.79,0.0016765,59437.85,59439.79
1637121160083, 59439.79,0.0000068,59437.85,59449.79
1637121160927, 59457.77,0.68426897,59457.76,59457.77
1637121160932, 59463.73,0.00083875,59457.76,59463.73
1637121160951, 59463.73,0.00220991,59463.72,59463.73
1637121160984, 59463.73,0.06795,59463.72,59463.73
1637121161037, 59469.86,0.00160781,59463.72,59469.86
1637121161097, 59471.16,0.00070884,59464.99,59475.55
1637121161097, 59475.55,0.00096468,59464.99,59475.55
1637121161164, 59466.17,0.02929599,59463.73,59473.61
1637121161164, 59463.73,0.0016833,59463.72,59473.61
1637121161164, 59463.72,0.02923527,59463.72,59473.61
1637121161164, 59463.72,0.06664017,59463.72,59473.61
1637121161245, 59473.49,0.00080386,59467.61,59473.49
1637121161310, 59473.48,0.00008265,59473.48,59473.61
1637121161462, 59473.6,0.01648517,59469.73,59473.60
1637121161492, 59469.73,0.000217,59469.73,59473.47
1637121161661, 59469.73,0.00035816,59469.73,59473.51
1637121161774, 59473.24,0.00412455,59469.73,59473.24
1637121162221, 59468.67,0.000163,59468.67,59473.24
1637121162649, 59473.24,0.00080371,59468.67,59473.24
1637121162759, 59473.24,0.0082491,59468.67,59473.24
1637121163506, 59463.74,0.0021107,59463.73,59463.74
1637121163510, 59463.73,0.00167278,59463.73,59463.74
1637121164501, 59460.32,0.00082063,59456.19,59460.32
1637121164877, 59458.85,0.0329964,59456.19,59458.85
1637121164881, 59458.85,0.0082491,59456.19,59458.85
1637121164910, 59458.85,0.0000435,59456.19,59458.85
1637121165043, 59456.19,0.00004985,59456.19,59458.80
1637121165142, 59464.86,0.01237365,59462.45,59464.86
1637121165235, 59462.4,0.000758,59458.79,59462.40
1637121165354, 59462.56,0.02474211,59458.79,59462.56
1637121165484, 59458.79,0.00174494,59458.79,59463.26
1637121165551, 59462.45,0.00412455,59458.79,59462.45
1637121165574, 59463.25,0.00162434,59458.79,59463.25
1637121165586, 59463.25,0.00083875,59458.79,59463.25
1637121165745, 59458.79,0.000504,59458.79,59463.21
1637121165958, 59458.79,0.05073343,59458.79,59462.71
1637121166015, 59462.71,0.00016018,59458.79,59462.71
1637121166244, 59452.98,0.02721943,59452.98,59461.80
1637121166555, 59453.33,0.000155,59453.33,59461.51
1637121166602, 59461.47,0.00208343,59453.33,59461.47
1637121166632, 59461.47,0.00322038,59452.98,59461.47
1637121166923, 59461.3,0.00080388,59453.14,59461.30
1637121166976, 59461.3,0.00006714,59453.14,59461.30
1637121167000, 59461.3,0.01647249,59453.15,59461.30
1637121167058, 59461.3,0.00004736,59453.57,59461.30
1637121167130, 59461.3,0.00990237,59453.57,59461.30
1637121167252, 59461.3,0.00404893,59454.55,59461.30
1637121167252, 59461.3,0.01101788,59454.55,59461.30
1637121167252, 59461.3,0.00018021,59454.55,59462.89
1637121167252, 59462.89,0.04,59454.55,59462.90
1637121167252, 59462.9,0.02252764,59454.55,59462.90
1637121167353, 59463.26,0.00080388,59456.61,59463.26
1637121167492, 59464.12,0.00006714,59456.82,59464.12
1637121167683, 59464.12,0.00140437,59457.10,59464.12
1637121167696, 59464.18,0.00824259,59457.10,59464.18
1637121168018, 59464.14,0.00329874,59457.30,59464.14
1637121168047, 59464.47,0.001624,59457.32,59464.47
1637121168327, 59464.53,0.00174154,59461.05,59464.53
1637121168491, 59465.57,0.0839,59460.99,59465.58
1637121168491, 59460.99,0.08407768,59458.24,59465.58
1637121168491, 59458.24,0.25203928,59458.19,59465.58
1637121168491, 59458.19,0.14389119,59458.19,59465.58
1637121168761, 59465.58,0.01648502,59457.10,59465.58
1637121168839, 59465.58,0.00025099,59457.29,59465.58
1637121169046, 59466.78,0.00004192,59457.44,59466.78
1637121169291, 59462.5,0.00384916,59459.29,59462.50
1637121169354, 59460.78,0.00372091,59460.78,59462.50
1637121169582, 59462.5,0.00845049,59459.00,59462.50
1637121169755, 59462.5,0.00004945,59462.49,59462.50
1637121169759, 59462.49,0.000168,59462.49,59462.50
1637121170067, 59462.5,0.00005395,59462.49,59462.50
1637121171049, 59462.5,0.00167336,59462.49,59462.50
1637121171482, 59462.5,0.00006713,59462.49,59462.50
1637121171540, 59462.5,0.00039333,59462.49,59462.50
1637121172220, 59462.5,0.00081997,59462.49,59462.50
1637121172313, 59462.5,0.01315701,59462.49,59462.50
1637121172430, 59462.5,0.00494557,59462.49,59462.50
1637121172459, 59462.5,0.0164982,59462.49,59462.50
1637121172814, 59462.5,0.0032961,59462.49,59462.50
1637121172818, 59462.49,0.02644623,59462.49,59462.50
1637121172838, 59462.5,0.00162404,59462.49,59462.50
1637121173176, 59462.5,0.00030968,59462.49,59462.50
1637121173434, 59462.5,0.01112041,59462.49,59462.50
1637121173531, 59462.5,0.0032961,59462.49,59462.50
1637121174197, 59462.5,0.00139605,59462.49,59463.98
1637121174197, 59463.98,0.00637468,59462.49,59463.98
1637121174205, 59462.49,0.00042,59462.49,59463.98
1637121175003, 59463.98,0.01,59463.97,59463.98
1637121175078, 59463.97,0.00012984,59463.97,59463.98
1637121175129, 59463.98,0.00168588,59463.97,59463.98
1637121175268, 59463.98,0.00039352,59463.97,59463.98
1637121175280, 59463.98,0.01648715,59463.97,59463.98
1637121175455, 59463.98,0.00007133,59463.97,59463.98
1637121176248, 59463.98,0.00163845,59463.97,59463.98
1637121176378, 59463.98,0.00643543,59463.97,59463.98
1637121176515, 59463.98,0.04061356,59463.97,59470.60
1637121176515, 59470.6,0.02532654,59463.97,59470.60
1637121176927, 59470.61,0.00251673,59465.30,59470.61
1637121177032, 59470.6,0.00083991,59465.85,59470.60
1637121177344, 59470.61,0.00257947,59467.58,59470.61
1637121178187, 59463.99,0.000169,59463.99,59464.00
1637121178306, 59464,0.00321822,59463.99,59464.00
1637121178391, 59464,0.00080334,59463.99,59464.00
1637121179029, 59465.75,0.04591525,59464.01,59470.60
1637121179029, 59464.01,0.04,59464.00,59470.60
1637121179029, 59464,0.033264,59464.00,59470.60
1637121179029, 59464,0.88082075,59464.00,59470.60
1637121179130, 59470.42,0.00063601,59465.75,59470.42
1637121179175, 59470.43,0.00041801,59465.75,59470.43
1637121179366, 59470.61,0.00041828,59465.75,59470.61
1637121179693, 59470.61,0.03845677,59466.96,59470.61
1637121180841, 59465.76,0.04887745,59455.59,59465.76
1637121180853, 59461.97,0.00346102,59455.88,59461.97
1637121181018, 59461.97,0.00006709,59457.37,59461.97
1637121181088, 59461.97,0.00162324,59457.37,59461.97
1637121181588, 59461.91,0.0082491,59457.37,59461.91
1637121181611, 59461.91,0.00080334,59457.37,59461.91
1637121182018, 59461.86,0.03222203,59457.46,59461.97
1637121182018, 59461.97,0.03372657,59457.46,59461.97
1637121182070, 59461.97,0.00011988,59458.22,59461.97
1637121182112, 59461.97,0.00321822,59458.22,59461.97
1637121182208, 59457.48,0.000067,59457.48,59461.93
1637121182265, 59461.93,0.00167338,59457.50,59461.93
1637121182321, 59461.19,0.00160902,59461.18,59461.19
1637121182330, 59461.19,0.0004687,59461.18,59461.19
1637121182360, 59461.97,0.00063594,59461.18,59461.97
1637121182624, 59461.22,0.03681036,59461.19,59466.16
1637121182624, 59461.19,0.00284096,59461.19,59466.16
1637121182809, 59466.16,0.0042044,59461.18,59466.16
1637121182959, 59465.78,0.00015083,59461.18,59465.78
1637121183051, 59461.18,0.00084,59461.18,59465.44
1637121183063, 59465.44,0.00083672,59461.18,59465.44
1637121183507, 59461.18,0.00028957,59461.18,59464.64
1637121183510, 59461.18,0.00068798,59460.32,59464.64
1637121183510, 59460.32,0.00030318,59460.32,59464.64
1637121183934, 59464.08,0.00250998,59460.32,59464.08
1637121184271, 59464.08,0.01694044,59460.32,59464.70
1637121184271, 59464.7,0.02997211,59460.32,59465.25
1637121184271, 59465.25,0.03552463,59460.32,59465.25
1637121184747, 59466.15,0.00015083,59460.87,59466.15
1637121184996, 59460.75,0.00584,59460.75,59460.76
1637121185012, 59460.75,0.02716,59460.32,59460.76
1637121185012, 59460.32,0.00505196,59454.23,59460.76
1637121185070, 59457.67,0.00015075,59448.05,59457.67
1637121185155, 59448.06,0.00989226,59448.05,59448.06
1637121185499, 59442.92,0.00321794,59440.62,59442.92
1637121185580, 59440.63,0.00329625,59440.62,59440.63
1637121185787, 59440.63,0.00004365,59440.62,59440.63
1637121185899, 59440.63,0.00030973,59440.62,59440.63
1637121185966, 59439.07,0.00039333,59439.06,59439.07
1637121186048, 59439.06,0.00006002,59439.06,59439.07
1637121186488, 59437.85,0.00673358,59433.57,59437.86
1637121186488, 59433.57,0.25245419,59433.01,59437.86
1637121186488, 59433.01,0.05,59429.91,59437.86
1637121186488, 59429.91,0.16817264,59429.86,59437.86
1637121186488, 59429.86,0.02263959,59429.86,59437.86
1637121186906, 59428.9,0.00120483,59428.89,59428.90
1637121187150, 59428.89,0.000084,59428.89,59428.90
1637121187310, 59428.9,0.00006709,59428.89,59428.90
1637121187365, 59428.9,0.00329653,59428.89,59428.90
1637121187456, 59428.89,0.00328321,59428.72,59428.90
1637121187456, 59428.72,0.071,59425.05,59428.90
1637121187456, 59425.05,0.07782191,59425.05,59428.90
1637121187707, 59425.06,0.00167323,59425.05,59425.06
1637121187712, 59425.06,0.00443939,59425.05,59425.06
1637121187780, 59425.06,0.07778738,59425.05,59425.06
1637121187780, 59425.06,0.106827,59425.05,59425.54
1637121187780, 59425.54,0.26826836,59425.05,59426.73
1637121187780, 59426.73,0.02979457,59425.05,59428.90
1637121187780, 59428.9,0.25251012,59425.05,59429.49
1637121187780, 59429.49,0.07698469,59425.05,59429.49
1637121187886, 59427.39,0.00675833,59425.25,59427.39
1637121187963, 59425.27,0.00050232,59425.26,59425.27
1637121188205, 59428.1,0.00412144,59425.26,59428.10
1637121188351, 59429.48,0.01648576,59426.90,59429.48
1637121188418, 59429.48,0.05686566,59428.21,59429.49
1637121188572, 59428.95,0.00162303,59428.94,59428.95
1637121188694, 59428.95,0.00015075,59428.94,59428.95
1637121188753, 59428.95,0.1,59428.94,59428.95
1637121189041, 59428.94,0.00017183,59428.94,59428.95
1637121189248, 59428.95,0.00095385,59428.94,59428.95
1637121189610, 59428.95,0.0005523,59428.94,59428.95
1637121189630, 59428.95,0.00013895,59428.94,59428.95
1637121189747, 59428.95,0.06595037,59428.94,59428.95
1637121190027, 59428.94,0.02706559,59428.88,59428.95
1637121190027, 59428.88,0.02756638,59428.87,59428.95
1637121190027, 59428.87,0.25212287,59428.82,59428.95
1637121190027, 59428.82,0.25247095,59427.92,59428.95
1637121190027, 59427.92,0.25246989,59425.34,59428.95
1637121190027, 59425.34,0.0603291,59425.33,59428.95
1637121190027, 59425.33,0.033,59425.13,59428.95
1637121190027, 59425.13,0.09497522,59425.13,59428.95
1637121190111, 59428.94,0.003142,59428.94,59428.95
1637121191102, 59428.95,0.005,59428.94,59428.95
1637121191402, 59428.95,0.00412136,59428.94,59428.95
1637121191432, 59428.95,0.00168936,59428.94,59428.95
1637121191819, 59428.95,0.01648576,59428.94,59428.95
1637121191823, 59428.95,0.00041189,59428.94,59428.95
1637121192025, 59428.94,0.080758,59428.94,59428.95
1637121192025, 59428.94,0.0103441,59428.94,59428.95
1637121192025, 59428.94,0.00581178,59425.83,59428.95
1637121192025, 59425.83,0.00586964,59425.10,59428.95
1637121192025, 59425.1,0.03917772,59425.10,59428.95
1637121192332, 59428.94,0.00080327,59425.37,59428.94
1637121192738, 59428.95,0.00083715,59425.18,59428.95
1637121192738, 59428.95,0.00015083,59425.18,59428.95
1637121192766, 59428.95,0.00004752,59425.18,59428.95
1637121192997, 59427.03,0.00576991,59426.11,59427.03
1637121193245, 59426.67,0.00481614,59426.11,59426.67
1637121193494, 59426.84,0.00038449,59426.17,59426.84
1637121193630, 59427.98,0.00418606,59427.71,59427.98
1637121193933, 59428.36,0.00004163,59427.07,59428.36
1637121194127, 59427.07,0.000034,59427.07,59428.95
1637121194169, 59428.93,0.00313912,59427.07,59428.93
1637121194235, 59428.95,0.0032183,59427.07,59428.95
1637121194369, 59426.66,0.01967874,59426.66,59428.95
1637121194536, 59427.4,0.00824357,59426.66,59427.40
1637121194767, 59426.66,0.00532126,59425.10,59428.81
1637121194767, 59425.1,0.16735084,59425.05,59428.81
1637121194767, 59425.05,0.12217809,59425.05,59428.81
1637121194767, 59425.05,0.1,59425.05,59428.81
1637121194767, 59425.05,0.25226884,59421.31,59428.81
1637121194767, 59421.31,0.00142434,59420.61,59428.81
1637121194767, 59420.61,0.16762222,59420.56,59428.81
1637121194767, 59420.56,0.18625983,59420.56,59428.81
1637121195015, 59426.21,0.00058427,59420.56,59426.21
1637121195072, 59420.57,0.00160327,59420.57,59426.21
1637121195568, 59424.59,0.01648576,59420.62,59424.59
1637121195625, 59424.65,0.00835944,59420.62,59424.65
1637121196088, 59424.73,0.0000416,59420.62,59424.73
1637121196458, 59424.66,0.00023024,59420.86,59424.66
1637121197257, 59424.01,0.01170366,59420.91,59424.01
1637121197434, 59420.62,0.00084,59420.62,59423.56
1637121197463, 59423.56,0.00013403,59420.62,59423.56
1637121198217, 59420.63,0.00215109,59420.62,59420.63
1637121198301, 59420.63,0.01649731,59420.62,59420.63
1637121198508, 59420.63,0.00046898,59420.62,59420.63
1637121198573, 59420.63,0.00164454,59420.62,59420.63
1637121198849, 59420.63,0.00039335,59420.62,59420.63
1637121198907, 59420.63,0.00030973,59420.62,59420.63
1637121199764, 59424.73,0.00243504,59420.78,59424.76
1637121199764, 59424.76,0.01405244,59420.78,59424.76
1637121199777, 59426.31,0.00824866,59420.78,59426.31
1637121199819, 59420.82,0.016823,59420.82,59426.31
1637121199905, 59426.31,0.00080384,59421.01,59426.31
1637121199909, 59421.01,0.00002684,59421.01,59426.31
1637121200623, 59420.63,0.00004847,59420.62,59420.63
1637121201629, 59420.63,0.00241502,59420.62,59420.63
1637121202062, 59420.63,0.00082398,59420.62,59420.63
1637121202311, 59420.63,0.03299463,59420.62,59420.63
1637121202632, 59420.62,0.00007272,59420.62,59420.65
1637121202736, 59420.63,0.00123866,59420.62,59420.63
1637121202744, 59420.62,0.000336,59420.62,59420.63
1637121202822, 59420.63,0.00165773,59420.62,59420.63
1637121203028, 59420.63,0.00008383,59420.62,59420.63
1637121204027, 59420.01,0.00080389,59420.00,59420.01
1637121204091, 59420.01,0.00577403,59420.00,59420.01
1637121204154, 59420.01,0.00015095,59420.00,59420.01
1637121204216, 59420,0.04186406,59411.66,59420.01
1637121204216, 59411.66,0.04,59411.65,59420.01
1637121204216, 59411.65,0.16768541,59410.74,59420.01
1637121204237, 59410.96,0.00080388,59410.74,59410.96
1637121204247, 59410.96,0.00081279,59410.74,59410.96
1637121204300, 59410.74,0.005,59410.74,59410.95
1637121204666, 59410.95,0.00080388,59410.00,59410.95
1637121204974, 59410.96,0.03299463,59410.00,59410.96
1637121205197, 59410,0.00837422,59409.58,59410.01
1637121205269, 59409.58,0.01690881,59404.85,59409.59
1637121205290, 59404.86,0.00024295,59404.85,59404.86
1637121205486, 59404.85,0.09027901,59400.00,59404.86
1637121205486, 59400,0.005,59400.00,59404.86
1637121205486, 59400,0.0023,59400.00,59404.86
1637121205486, 59400,0.000839,59400.00,59404.86
1637121205486, 59400,0.001,59397.27,59404.86
1637121205865, 59397.28,0.00016752,59397.27,59397.28
1637121205946, 59397.28,0.00117639,59397.27,59397.28
1637121206109, 59397.28,0.00003366,59397.27,59397.28
1637121206282, 59397.28,0.00116243,59397.27,59397.28
1637121206282, 59397.28,0.00046182,59397.27,59397.28
1637121206460, 59397.28,0.00659505,59397.27,59397.28
1637121207194, 59397.28,0.00241516,59397.27,59397.28
1637121207473, 59397.27,0.0017,59397.27,59397.28
1637121207473, 59397.27,0.000823,59397.27,59397.28
1637121208147, 59397.28,0.00329856,59397.27,59397.28
1637121208583, 59397.27,0.00008871,59397.27,59397.28
1637121208629, 59397.27,0.00015222,59397.27,59397.28
1637121208761, 59397.28,0.00030991,59397.27,59397.28
1637121209087, 59397.28,0.00016752,59397.27,59397.28
1637121209231, 59397.27,0.00169137,59397.27,59397.28
1637121209808, 59397.26,0.00034099,59397.25,59397.26
1637121209988, 59397.25,0.01358886,59397.25,59397.26
1637121210093, 59397.26,0.00080396,59397.25,59397.26
1637121210202, 59397.26,0.00322069,59397.25,59397.26
1637121210380, 59397.25,0.00316318,59392.47,59397.26
1637121210380, 59392.47,0.002,59391.38,59397.26
1637121210380, 59391.38,0.06207459,59391.38,59397.26
1637121210500, 59397.25,0.032997,59385.00,59397.25
1637121210901, 59385,0.03,59371.49,59385.01
1637121211351, 59371.5,0.00128069,59371.49,59371.50
1637121211397, 59372.83,0.00162437,59372.82,59372.83
1637121211435, 59372.82,0.0000906,59372.82,59374.29
1637121211524, 59374.29,0.00046904,59374.28,59374.29
1637121212244, 59370.2,0.00039366,59370.19,59370.20
1637121212440, 59370.13,0.00882063,59370.12,59370.13
1637121212579, 59370.2,0.04868,59370.19,59370.20
1637121212596, 59370.2,0.05,59370.20,59374.23
1637121212596, 59370.2,0.01407,59370.19,59374.23
1637121212596, 59370.19,0.0317049,59370.19,59374.23
1637121212596, 59370.19,0.00328996,59370.19,59374.23
1637121212596, 59370.19,0.071,59370.19,59374.23
1637121212596, 59370.19,0.82993514,59370.19,59374.23
1637121212867, 59385,0.00166111,59378.78,59385.00
1637121213129, 59383.77,0.00080388,59378.40,59383.77
1637121213851, 59380.13,0.08,59380.12,59385.01
1637121214076, 59385.01,0.00168,59385.00,59385.01
1637121214081, 59385.01,0.0000033,59385.00,59391.35
1637121214151, 59389.15,0.000151,59389.15,59391.35
1637121214249, 59391.34,0.00255623,59391.34,59391.35
1637121214844, 59397.27,0.003365,59397.27,59397.28
1637121214852, 59397.28,0.00022607,59397.27,59397.28
1637121214911, 59397.28,0.01649979,59397.27,59397.28
1637121214977, 59397.28,0.00039369,59397.27,59397.28
1637121215028, 59397.28,0.00150273,59397.27,59397.28
1637121216339, 59397.28,0.00402581,59397.27,59397.28
1637121216610, 59397.28,0.00966189,59397.27,59397.28
1637121216859, 59397.28,0.00121774,59397.27,59397.28
1637121217370, 59397.28,0.00083721,59397.27,59397.28
1637121218058, 59397.28,0.15355958,59397.27,59397.28
1637121218058, 59397.28,0.4914764,59397.27,59398.93
1637121218139, 59398.92,0.00008008,59398.92,59398.93
1637121218276, 59398.93,0.00334642,59398.92,59398.93
1637121219159, 59394.55,0.01341806,59391.34,59394.66
1637121219159, 59394.66,0.2340588,59391.34,59394.66
1637121219353, 59396.65,0.00015107,59391.34,59396.65
1637121219717, 59396.7,0.0016245,59391.39,59396.70
1637121219944, 59395.44,0.00004401,59391.39,59395.44
1637121220562, 59395.77,0.00015107,59391.34,59395.77
1637121220708, 59393.94,0.00235682,59391.34,59393.94
1637121221034, 59395.34,0.00039398,59391.34,59395.34
1637121221241, 59395.36,0.0002254,59393.55,59395.36
1637121221895, 59391.34,0.00168,59391.34,59391.35
1637121221938, 59390.1,0.01,59390.10,59390.11
1637121221945, 59390.1,0.05,59390.10,59390.11
1637121221962, 59390.1,0.03,59390.10,59390.11
1637121221989, 59390.1,0.06232,59390.10,59390.11
1637121222127, 59380.9,0.00031609,59376.18,59380.90
1637121222350, 59382.26,0.0000839,59381.77,59382.26
1637121222832, 59382.26,0.00039393,59382.25,59382.26
1637121223369, 59382.26,0.00162437,59382.25,59382.26
1637121223630, 59382.26,0.03,59382.25,59382.26
1637121223634, 59382.26,0.04,59382.25,59382.26
1637121223638, 59382.26,0.05,59382.25,59382.26
1637121223642, 59382.26,0.08,59382.25,59382.26
1637121223660, 59382.26,0.01,59382.25,59382.26
1637121223667, 59382.26,0.07,59382.25,59382.26
1637121223678, 59382.26,0.00015107,59382.25,59382.26
1637121223688, 59382.26,0.01044673,59382.25,59382.26
1637121223688, 59382.26,0.01955327,59382.25,59382.26
1637121223693, 59382.26,0.00718,59382.25,59382.26
1637121223696, 59382.26,0.41,59382.25,59382.26
1637121223702, 59382.26,0.02816895,59382.25,59383.31
1637121223745, 59383.31,0.00033549,59383.30,59383.31
1637121223918, 59383.31,0.00989653,59383.30,59383.31
1637121223942, 59383.31,0.0006113,59383.30,59383.31
1637121223997, 59383.31,0.00033428,59383.30,59383.31
1637121224197, 59383.31,0.00002528,59383.30,59383.31
1637121224202, 59383.31,0.00008377,59383.30,59383.31
1637121224285, 59383.31,0.00840731,59383.30,59383.31
1637121224363, 59383.31,0.01678101,59383.30,59383.31
1637121224566, 59383.31,0.00039398,59383.30,59383.31
1637121225054, 59383.31,0.00495001,59383.30,59383.31
1637121225072, 59383.31,0.0008336,59383.30,59383.31
1637121226500, 59383.3,0.00033,59383.30,59383.31
1637121226508, 59383.31,0.00006717,59383.30,59383.31
1637121226616, 59383.3,0.01267,59379.38,59383.31
1637121226616, 59379.38,0.071,59378.47,59383.31
1637121226616, 59378.47,0.05,59378.46,59383.31
1637121226616, 59378.46,0.04,59378.43,59383.31
1637121226616, 59378.43,0.16826707,59378.37,59383.31
1637121226616, 59378.37,0.25211736,59378.32,59383.31
1637121226616, 59378.32,0.25269429,59377.75,59383.31
1637121226616, 59377.75,0.15325128,59377.75,59383.31
1637121227048, 59383.16,0.00080427,59380.86,59383.16
1637121227079, 59383.31,0.00167456,59380.86,59383.31
1637121227193, 59380.86,0.0006586,59380.86,59383.31
1637121227451, 59383.24,0.02988589,59380.86,59383.27
1637121227451, 59383.27,0.0031137,59380.86,59383.27
1637121227455, 59383.31,0.00080453,59380.86,59383.31
1637121227647, 59380.87,0.00045767,59378.78,59381.82
1637121227647, 59381.82,0.00079842,59378.78,59381.82
1637121227696, 59378.79,0.00021999,59378.79,59381.82
1637121227930, 59381.82,0.00900224,59378.99,59381.82
1637121228494, 59381.82,0.00353675,59380.46,59381.82
1637121228497, 59380.46,0.00002691,59380.46,59381.82
1637121228614, 59380.55,0.016823,59380.55,59381.82
1637121228759, 59381.82,0.00031008,59380.55,59381.82
1637121228845, 59380.55,0.000164,59380.55,59381.82
1637121229081, 59381.82,0.00061999,59380.55,59381.82
1637121229173, 59381.82,0.00167563,59380.55,59381.82
1637121229199, 59381.82,0.01650611,59380.55,59381.82
1637121229449, 59382.39,0.0001467,59380.55,59382.39
1637121229573, 59381.82,0.00080427,59380.39,59381.82
1637121229777, 59380.57,0.00381755,59380.57,59383.31
1637121230118, 59383.31,0.00004934,59380.52,59383.31
1637121230167, 59383.31,0.00029297,59380.62,59383.31
1637121230179, 59380.62,0.00008229,59380.62,59383.31
1637121230357, 59383.31,0.03301373,59380.62,59383.31
1637121230590, 59383.31,0.00080427,59380.79,59383.31
1637121230733, 59383.31,0.00015922,59380.79,59383.31
1637121231690, 59380.81,0.02510742,59380.81,59383.31
1637121231824, 59381.82,0.00004944,59380.40,59381.82
1637121232133, 59381.79,0.0956,59380.93,59383.28
1637121232133, 59383.28,0.02694072,59380.93,59383.30
1637121232133, 59383.3,0.00057618,59380.93,59383.31
1637121232133, 59383.31,0.04360042,59380.93,59383.31
1637121232436, 59381.38,0.02478236,59381.38,59383.31
1637121233162, 59383.3,0.00023627,59380.59,59383.31
1637121233162, 59383.31,0.00060152,59380.59,59383.31
1637121234101, 59383.3,0.007,59380.59,59383.31
1637121234165, 59380.6,0.00022632,59380.59,59380.60
1637121235024, 59377.61,0.00161096,59374.74,59377.61
1637121235024, 59374.74,0.00247136,59374.74,59377.61
1637121235160, 59374.74,0.00614069,59374.74,59377.39
1637121236737, 59378.45,0.0002309,59377.19,59378.45
1637121236784, 59379.1,0.00046133,59377.19,59379.10
1637121237173, 59377.19,0.00900224,59377.19,59379.57
1637121237653, 59382.19,0.00170888,59379.71,59382.19
1637121237779, 59382.21,0.00074722,59379.71,59382.22
1637121237779, 59382.22,0.00087797,59379.71,59382.22
1637121238068, 59379.71,0.00019851,59379.71,59381.86
1637121238305, 59381.86,0.00330117,59381.85,59381.86
1637121238872, 59381.86,0.01680332,59381.85,59381.86
1637121239190, 59381.85,0.00079004,59381.85,59381.86
1637121239214, 59381.85,0.08310996,59381.85,59381.86
1637121239214, 59381.85,0.16793618,59381.85,59381.86
1637121239214, 59381.85,0.05,59374.98,59381.86
1637121239214, 59374.98,0.00075386,59374.98,59381.86
1637121239843, 59381.86,0.00004228,59377.86,59381.86
1637121239847, 59377.86,0.00071021,59377.86,59381.86
1637121239975, 59381.8,0.00050286,59377.86,59381.80
1637121240110, 59381.84,0.06848994,59381.84,59381.85
1637121240271, 59381.85,0.00042062,59381.84,59381.85
1637121240448, 59381.84,0.09959607,59375.03,59381.85
1637121240448, 59375.03,0.25162158,59374.99,59381.85
1637121240448, 59374.99,0.02168235,59374.99,59381.85
1637121240639, 59376.13,0.00650484,59374.91,59376.13
1637121240961, 59379.9,0.08,59373.41,59379.90
1637121240961, 59379.9,0.03229574,59373.41,59381.21
1637121240961, 59381.21,0.13770426,59373.41,59381.21
1637121241101, 59381.2,0.00034477,59374.84,59381.20
1637121241195, 59380.93,0.00096942,59375.49,59381.21
1637121241195, 59381.21,0.01553749,59375.49,59381.21
1637121241254, 59381.21,0.0000435,59375.81,59381.21
1637121241340, 59381.21,0.00246335,59375.81,59381.21
1637121241862, 59381.15,0.00026,59376.56,59381.15
1637121242073, 59381.19,0.00080448,59376.56,59381.19
1637121242211, 59376.56,0.00003127,59376.56,59379.70
1637121242274, 59376.56,0.01692515,59376.56,59379.70
1637121242613, 59376.7,0.00520085,59376.56,59376.70
1637121242717, 59376.56,0.02158523,59376.56,59376.69
1637121242717, 59376.56,0.00016139,59376.56,59376.69
1637121242717, 59376.56,0.00402874,59373.43,59376.69
1637121242717, 59373.43,0.05,59373.42,59376.69
1637121242717, 59373.42,0.87,59373.41,59376.69
1637121242717, 59373.41,0.16799145,59372.92,59376.69
1637121242717, 59372.92,0.003657,59371.28,59376.69
1637121242717, 59371.28,0.00391585,59370.26,59376.69
1637121242717, 59370.26,0.031101,59370.20,59376.69
1637121242717, 59370.2,0.04,59370.20,59376.69
1637121242717, 59370.2,0.03,59370.20,59376.69
1637121242717, 59370.2,0.07,59370.19,59376.69
1637121242717, 59370.19,0.04006486,59370.12,59376.69
1637121242717, 59370.12,0.001676,59368.15,59376.69
1637121242717, 59368.15,0.00259318,59368.02,59376.69
1637121242717, 59368.02,0.19688897,59368.01,59376.69
1637121242717, 59368.01,1.4931,59367.47,59376.69
1637121242717, 59367.47,0.25271209,59366.59,59376.69
1637121242717, 59366.59,0.19640571,59366.58,59376.69
1637121242717, 59366.58,0.210653,59366.58,59376.69
1637121242749, 59371.9,0.01127939,59370.21,59371.90
1637121243033, 59370.34,0.00006719,59367.06,59370.34
1637121243034, 59367.06,0.42479402,59367.06,59370.34
1637121243091, 59367.06,0.17442333,59367.06,59367.07
1637121243102, 59367.06,0.0719,59367.06,59367.07
1637121243237, 59361.83,0.04131319,59361.82,59361.83
1637121243333, 59361.83,0.00067048,59361.82,59361.83
1637121243656, 59361.83,0.01723598,59361.82,59361.83
1637121243764, 59361.82,0.0016762,59361.81,59361.83
1637121243764, 59361.81,0.00062857,59358.85,59361.83
1637121243853, 59358.86,0.00192223,59358.85,59358.86
1637121243873, 59358.85,0.02137916,59358.85,59358.86
1637121244793, 59350.26,0.00162557,59345.46,59350.26
1637121245179, 59351.25,0.06604162,59345.52,59351.25
1637121245545, 59345.73,0.000034,59345.73,59351.56
1637121245605, 59351.56,0.0000544,59345.73,59351.56
1637121246219, 59350.07,0.00362565,59342.89,59350.07
1637121246589, 59351.59,0.03301222,59342.89,59351.59
1637121246641, 59353.16,0.00596906,59342.89,59353.16
1637121246940, 59349.5,0.00090501,59349.49,59349.50
1637121247098, 59351.26,0.00062074,59351.25,59351.26
1637121247335, 59351.26,0.025,59351.25,59351.26
1637121247378, 59351.28,0.00080431,59351.27,59351.28
1637121247518, 59357.36,0.0025631,59355.31,59357.36
1637121247990, 59355.7,0.00080455,59346.56,59355.70
1637121247994, 59355.7,0.00022639,59346.56,59355.70
1637121248530, 59352.64,0.00079155,59351.15,59352.65
1637121248530, 59352.65,0.01571886,59351.15,59352.65
1637121248622, 59352.65,0.00080343,59351.15,59352.65
1637121248654, 59351.15,0.1677207,59346.57,59352.65
1637121248654, 59346.57,0.071,59346.56,59352.65
1637121248654, 59346.56,0.16837642,59345.28,59352.65
1637121248654, 59345.28,0.16776452,59345.28,59352.65
1637121248654, 59345.28,0.25229284,59343.45,59352.65
1637121248654, 59343.45,0.1,59342.60,59352.65
1637121248654, 59342.6,0.07284552,59342.60,59352.65
1637121248918, 59351.54,0.00404507,59347.13,59351.54
1637121248921, 59351.54,0.00085235,59347.13,59351.54
1637121249432, 59340.02,0.00837,59334.63,59340.03
1637121249432, 59334.63,0.075743,59334.63,59340.03
1637121250402, 59334.68,0.001,59334.68,59334.69
1637121250644, 59332.17,0.00014466,59332.17,59332.18
1637121250665, 59332.17,0.00366423,59332.17,59332.18
1637121250665, 59332.17,0.09633577,59332.17,59332.18
1637121250986, 59328.15,0.00031017,59328.14,59328.15
1637121251030, 59328.14,0.00051791,59328.14,59328.15
1637121251247, 59333.05,0.0016833,59328.14,59334.89
1637121251247, 59334.89,0.00798275,59328.14,59334.89
1637121251345, 59328.14,0.00139719,59323.35,59334.88
1637121251345, 59323.35,0.00037078,59322.62,59334.88
1637121251345, 59322.62,0.0195,59322.61,59334.88
1637121251345, 59322.61,0.06813203,59322.61,59334.88
1637121251703, 59334.7,0.00080449,59324.01,59334.70
1637121252598, 59332.45,0.0008406,59324.35,59332.45
1637121253563, 59322.96,0.00046924,59322.95,59322.96
1637121253581, 59322.96,0.00015098,59322.95,59322.96
1637121253701, 59322.96,0.00039416,59322.95,59322.96
1637121253716, 59322.96,0.00158452,59322.95,59322.96
1637121253726, 59322.95,0.000336,59322.95,59322.96
1637121253892, 59322.68,0.00495329,59322.67,59322.68
1637121254064, 59322.68,0.00031033,59322.67,59322.68
1637121254206, 59322.68,0.00092112,59322.67,59322.68
1637121254415, 59322.67,0.16,59322.67,59322.68
1637121254431, 59322.55,0.09996734,59322.55,59322.67
1637121254436, 59322.55,0.1249428,59322.55,59322.56
1637121254453, 59321.96,0.00103908,59315.50,59321.96
1637121254671, 59309.46,0.012,59309.45,59309.46
1637121254807, 59309.45,0.00087659,59309.45,59309.46
1637121254972, 59301.49,0.00003371,59301.49,59309.46
1637121255042, 59312.98,0.00825537,59303.03,59312.98
1637121255065, 59311.85,0.00044841,59303.03,59311.85
1637121255083, 59311.85,0.00031889,59303.03,59311.85
1637121255566, 59308.77,0.00039395,59303.03,59308.77
1637121255660, 59311.02,0.00335151,59307.52,59311.02
1637121255750, 59307.53,0.00039395,59300.00,59307.53
1637121256127, 59303.41,0.01781923,59300.00,59303.51
1637121256127, 59303.51,0.01043574,59300.00,59303.51
1637121256725, 59300,0.00033559,59300.00,59300.01
1637121256725, 59300,0.00462966,59300.00,59300.01
1637121256738, 59300.01,0.0063,59300.00,59300.01
1637121256774, 59300,0.00030916,59300.00,59300.01
1637121257297, 59300.01,0.003,59300.00,59300.01
1637121257297, 59300.01,0.00660779,59300.00,59300.01
1637121257405, 59300,0.00006118,59297.68,59300.01
1637121257454, 59297.69,0.00357323,59297.68,59297.69
1637121257488, 59297.69,0.00006722,59297.68,59297.69
1637121257743, 59297.69,0.01651075,59297.68,59297.69
1637121258188, 59297.69,0.00058539,59297.68,59297.69
1637121258383, 59297.68,0.071,59297.68,59297.69
1637121258383, 59297.68,0.00396,59297.68,59297.69
1637121258401, 59297.68,0.00000061,59291.72,59297.69
1637121258471, 59291.73,0.0002768,59291.72,59291.73
1637121258497, 59291.73,0.0330388,59291.72,59291.73
1637121259103, 59290.79,0.005,59290.59,59290.80
1637121259212, 59290.6,0.00067816,59290.59,59290.60
1637121259274, 59290.6,0.00671286,59290.59,59290.60
1637121259336, 59290.59,0.04216512,59290.59,59290.60
1637121259339, 59290.59,0.02883488,59284.34,59290.60
1637121259372, 59284.34,0.01334,59284.34,59284.35
1637121259373, 59284.34,0.05766,59281.62,59284.35
1637121259373, 59281.62,0.00082051,59281.29,59284.35
1637121259373, 59281.29,0.08434052,59278.38,59284.35
1637121259671, 59278.38,0.071,59271.63,59278.39
1637121259671, 59271.63,0.929,59271.63,59278.39
1637121259698, 59271.63,0.04575134,59271.63,59271.64
1637121259795, 59271.64,0.00016519,59271.63,59271.64
1637121259813, 59271.64,0.00015084,59271.63,59271.64
1637121259990, 59271.64,0.00058553,59271.63,59271.64
1637121260458, 59271.64,0.08299844,59271.63,59271.64
1637121260458, 59271.64,0.00099958,59271.63,59271.64
1637121260677, 59271.63,0.0001,59271.26,59271.64
1637121260677, 59271.26,0.002,59262.42,59271.64
1637121260677, 59262.42,0.02871701,59262.42,59271.64
1637121261043, 59267.08,0.00030996,59264.32,59267.08
1637121261211, 59259.54,0.000101,59259.54,59265.85
1637121261339, 59258.99,0.0003515,59258.99,59265.71
1637121261347, 59258.99,0.16833295,59258.99,59265.71
1637121261347, 59258.99,0.1,59258.99,59265.71
1637121261347, 59258.99,0.02617061,59253.91,59265.71
1637121261347, 59253.91,0.18908102,59252.69,59265.71
1637121261347, 59252.69,0.17547657,59252.69,59265.71
1637121261544, 59259.21,0.25319522,59259.20,59268.92
1637121261556, 59268.92,0.00495329,59259.21,59268.92
1637121261638, 59268.92,0.06604671,59268.91,59269.53
1637121261638, 59269.53,0.071,59268.91,59271.63
1637121261709, 59278.39,0.00080492,59272.27,59278.39
1637121261770, 59278.38,0.00735187,59278.38,59278.39
1637121261813, 59278.39,0.07019508,59278.38,59280.18
1637121261814, 59280.18,0.0330388,59278.38,59280.18
1637121262351, 59288.18,0.00162642,59284.48,59288.18
1637121262454, 59289.57,0.00034386,59284.48,59289.57
1637121262612, 59284.48,0.00135401,59284.48,59288.81
1637121262746, 59288.81,0.00080492,59279.02,59288.81
1637121263363, 59286.75,0.00080492,59282.79,59286.75
1637121264491, 59279.31,0.01,59271.99,59279.31
1637121264499, 59279.31,0.00039449,59271.99,59279.31
1637121264619, 59271.99,0.00359547,59271.99,59277.09
1637121264631, 59271.99,0.02940453,59271.62,59279.50
1637121264631, 59271.62,0.02115156,59271.62,59279.50
1637121264725, 59279.05,0.0025,59271.62,59279.05
1637121265004, 59271.62,0.042099,59271.62,59279.13
1637121265297, 59271.67,0.00329175,59271.67,59277.44
1637121265667, 59281.55,0.0016833,59277.12,59284.34
1637121265667, 59284.34,0.00750638,59277.12,59284.34
1637121265921, 59278.54,0.00170476,59278.54,59286.74
1637121266224, 59277.12,0.00044213,59277.12,59286.52
1637121266225, 59286.52,0.00204449,59277.12,59286.52
1637121266426, 59285.25,0.00826659,59277.97,59285.25
1637121266523, 59277.97,0.01557342,59277.97,59277.98
1637121266698, 59286.68,0.00062,59281.09,59286.75
1637121266698, 59286.75,0.00025271,59281.09,59286.75
1637121266899, 59281.53,0.00322451,59281.52,59281.53
1637121267139, 59283.49,0.00162557,59283.48,59283.49
1637121267290, 59283.48,0.0001696,59283.48,59283.49
1637121267596, 59286.75,0.03671592,59286.74,59294.05
1637121267599, 59294.05,0.00016848,59287.94,59294.05
1637121267760, 59296.15,0.16533166,59294.78,59296.15
1637121267938, 59299.27,0.00162642,59297.63,59299.27
1637121268797, 59299.29,0.00710898,59299.29,59299.30
1637121269279, 59299.3,0.00067,59299.29,59299.30
1637121269301, 59299.29,0.00328485,59299.29,59299.30
1637121269421, 59299.3,0.00162778,59299.29,59299.30
1637121269495, 59299.3,0.00012417,59299.29,59299.30
1637121269591, 59299.3,0.00012114,59299.29,59299.30
1637121270288, 59297.63,0.00010038,59297.18,59297.64
1637121270288, 59297.18,0.034,59294.05,59297.64
1637121270525, 59294.06,0.00012836,59294.05,59294.06
1637121270689, 59294.05,0.00168,59294.05,59294.06
1637121270817, 59290,0.00024714,59285.00,59290.00
1637121270948, 59289.89,0.00162553,59285.00,59289.89
1637121271003, 59289.83,0.00039456,59285.00,59289.83
1637121271046, 59285,0.00061055,59285.00,59289.82
1637121271068, 59285.01,0.00041986,59285.00,59285.01
1637121271216, 59285.01,0.00162869,59285.00,59285.01
1637121271261, 59285.01,0.00162833,59285.00,59285.01
1637121271375, 59285.01,0.00012314,59285.00,59285.01
1637121271478, 59285.01,0.00015131,59285.00,59285.01
1637121271482, 59285,0.017,59285.00,59285.01
1637121271553, 59285.01,0.00084533,59285.00,59285.01
1637121271613, 59285,0.00008479,59285.00,59285.01
1637121271706, 59285,0.00580132,59285.00,59285.01
1637121271856, 59285.01,0.0005037,59285.00,59285.01
1637121271938, 59285.01,0.00006731,59285.00,59285.01
1637121272292, 59285.01,0.0012,59285.00,59285.01
1637121272675, 59285.01,0.00006731,59285.00,59285.01
1637121272728, 59285.01,0.00162833,59285.00,59285.01
1637121272784, 59285.01,0.001125,59285.00,59285.01
1637121272915, 59285,0.00102619,59285.00,59285.01
1637121273207, 59285,0.00087,59285.00,59285.01
1637121273700, 59285.01,0.00330748,59285.00,59285.01
1637121274214, 59285,0.1426758,59281.50,59285.01
1637121274214, 59281.5,0.0000242,59281.50,59285.01
1637121274344, 59283.51,0.00069647,59281.50,59283.51
1637121274712, 59281.5,0.00530757,59281.50,59281.51
1637121274770, 59281.5,0.05349,59281.50,59281.51
1637121274785, 59281.5,0.01217,59281.50,59281.51
1637121275412, 59272.04,0.071,59271.51,59272.05
1637121275412, 59271.51,0.1023,59271.51,59272.05
1637121275905, 59267.75,0.01142368,59267.74,59267.75
1637121275933, 59267.75,0.00902144,59267.74,59267.75
1637121276117, 59267.75,0.00050355,59267.74,59267.75
1637121276122, 59267.74,0.00017,59267.74,59267.75
1637121276128, 59267.74,0.00000178,59263.04,59267.75
1637121276462, 59257.6,0.00080558,59251.00,59257.60
1637121277133, 59265.74,0.00080583,59253.49,59265.74
1637121277284, 59262.68,0.00330748,59256.16,59262.68
1637121277730, 59257.87,0.00083957,59252.91,59257.87
1637121277825, 59258.56,0.00162833,59252.91,59258.56
1637121278259, 59251.61,0.000521,59251.61,59257.56
1637121278725, 59251,0.000085,59250.12,59257.55
1637121278725, 59250.12,0.00005329,59250.12,59257.55
1637121278920, 59257.56,0.00162829,59252.08,59257.56
1637121278978, 59261.74,0.00039461,59259.04,59261.74
1637121279163, 59261.74,0.00039456,59261.73,59261.74
1637121279396, 59261.74,0.00162642,59261.73,59261.74
1637121279408, 59261.77,0.00080583,59261.73,59261.77
1637121279490, 59261.76,0.00004759,59261.76,59261.77
1637121279533, 59261.77,0.00162833,59261.76,59261.77
1637121279660, 59266.4,0.0011248,59266.39,59266.40
1637121279743, 59266.4,0.3188552,59266.39,59267.74
1637121279849, 59267.74,0.00168,59267.73,59267.74
1637121279878, 59267.75,0.00825537,59267.73,59267.75
1637121279892, 59267.75,0.25416191,59267.74,59270.53
1637121279892, 59270.53,0.08,59267.74,59283.18
1637121280097, 59282.44,0.0032272,59275.84,59282.44
1637121280271, 59276,0.00012688,59276.00,59283.18
1637121280723, 59283.18,0.0016958,59278.22,59283.18
1637121280735, 59283.11,0.00161402,59278.22,59283.11
1637121280995, 59283.15,0.0017,59280.66,59283.15
1637121281161, 59282.68,0.00419507,59280.66,59282.68
1637121281661, 59282.68,0.00050743,59280.44,59282.68
1637121281709, 59280.42,0.000202,59280.42,59283.18
1637121281785, 59283.17,0.00051769,59280.42,59283.17
1637121281840, 59281.91,0.0044411,59281.91,59283.17
1637121281999, 59283.17,0.0003158,59280.42,59283.18
1637121281999, 59283.18,0.00299168,59280.42,59283.18
1637121282147, 59280.42,0.00917891,59280.42,59283.18
1637121282699, 59282.56,0.00339214,59282.56,59283.18
1637121282948, 59283.18,0.00033618,59282.59,59283.18
1637121283031, 59282.56,0.080934,59282.56,59283.18
1637121283095, 59282.56,0.00000808,59281.29,59282.57
1637121283095, 59281.29,0.00007907,59281.29,59282.57
1637121283192, 59281.29,0.00692,59281.29,59281.30
1637121283389, 59281.3,0.00826916,59281.29,59281.30
1637121283617, 59281.29,0.00000093,59275.84,59281.30
1637121283617, 59275.84,0.00167907,59275.84,59281.30
1637121283621, 59275.84,0.00000093,59266.95,59281.30
1637121284148, 59274.5,0.0004703,59269.14,59274.50
1637121284308, 59269.22,0.02558296,59269.14,59274.49
1637121284308, 59269.14,0.06443751,59269.14,59274.49
1637121284432, 59271.22,0.00220154,59265.70,59271.22
1637121284524, 59272.17,0.01651041,59265.70,59272.17
1637121284689, 59272.01,0.0003947,59268.45,59272.01
1637121285485, 59256.99,0.000842,59256.99,59263.67
1637121285718, 59252.26,0.25321755,59251.26,59260.94
1637121285718, 59251.26,0.74678245,59251.26,59260.94
1637121285952, 59254.13,0.00003304,59254.12,59254.13
1637121286015, 59260.31,0.0016833,59254.12,59262.39
1637121286015, 59262.39,0.01514878,59254.12,59262.39
1637121286098, 59257.67,0.00080449,59254.13,59257.67
1637121286121, 59263.24,0.0008229,59254.13,59263.24
1637121286196, 59261.92,0.00048616,59254.14,59261.92
1637121287013, 59254.94,0.01356892,59254.94,59254.95
1637121287027, 59254.95,0.02,59254.94,59254.95
1637121287189, 59254.95,0.00003424,59254.94,59254.95
1637121287486, 59254.95,0.00008408,59254.94,59254.95
1637121287862, 59254.94,0.00664608,59254.94,59254.95
1637121288043, 59254.95,0.00420434,59254.94,59254.95
1637121288089, 59259.26,0.00087326,59254.94,59259.26
1637121288300, 59254.94,0.05086103,59254.94,59254.95
1637121288389, 59254.95,0.0261757,59254.94,59254.95
1637121288493, 59257.84,0.00031079,59254.94,59257.84
1637121288565, 59254.95,0.0067169,59254.94,59254.95
1637121289324, 59254.13,0.00168,59254.13,59254.14
1637121289408, 59250.01,0.00030564,59250.00,59250.01
1637121289485, 59250,0.00011086,59250.00,59250.01
1637121289644, 59250,0.00012836,59250.00,59250.01
1637121289672, 59253.76,0.00080582,59250.00,59253.76
1637121289964, 59250,0.001684,59250.00,59252.47
1637121290531, 59250.01,0.00162825,59250.00,59250.01
1637121290558, 59250.01,0.00826916,59250.00,59250.01
1637121290823, 59250.01,0.00167936,59250.00,59250.01
1637121291018, 59250.01,0.00084165,59250.00,59250.01
1637121291190, 59250.01,0.00162825,59250.00,59250.01
1637121291191, 59250,0.000842,59250.00,59250.01
1637121291215, 59250,0.00223478,59247.05,59250.01
1637121291427, 59249.05,0.00246636,59249.04,59249.05
1637121291441, 59249.04,0.00015599,59249.04,59249.05
1637121291620, 59249.05,0.00004094,59249.04,59249.05
1637121291676, 59249.05,0.00075168,59249.04,59249.05
1637121291686, 59249.05,0.00004952,59249.04,59249.05
1637121292006, 59249.05,0.0000673,59249.04,59249.05
1637121292409, 59249.04,0.08374401,59249.04,59249.05
1637121292409, 59249.04,0.05,59247.11,59249.05
1637121292426, 59248.68,0.00915449,59247.16,59248.68
1637121292463, 59248.68,0.00116399,59247.16,59248.68
1637121292593, 59248.68,0.00003305,59248.67,59248.68
1637121292773, 59248.68,0.00330676,59248.67,59248.68
1637121293250, 59248.68,0.0001922,59248.67,59248.68
1637121293421, 59248.68,0.00006723,59248.67,59248.68
1637121293684, 59248.68,0.16794042,59248.67,59248.68
1637121293844, 59248.67,0.00129919,59248.67,59248.68
1637121294104, 59248.67,0.00593616,59248.67,59248.68
1637121294330, 59248.68,0.01379785,59248.67,59249.05
1637121294330, 59249.05,0.00272154,59248.67,59249.05
1637121294350, 59249.05,0.00826898,59249.04,59249.05
1637121294380, 59249.05,0.0002257,59249.04,59249.05
1637121294742, 59249.05,0.00238889,59247.11,59249.05
1637121294791, 59247.11,0.02374462,59247.11,59249.05
1637121295192, 59249.05,0.00080582,59244.05,59249.05
1637121295560, 59248.31,0.00005036,59244.05,59248.31
1637121295732, 59244.05,0.00050522,59244.05,59249.01
1637121296078, 59249.03,0.00031068,59244.05,59249.03
1637121297192, 59244.06,0.00012057,59244.05,59244.06
1637121297228, 59244.05,0.05,59244.05,59244.06
1637121297228, 59244.05,0.05,59244.05,59244.06
1637121297228, 59244.05,0.87,59244.00,59244.06
1637121297228, 59244,0.03,59244.00,59244.06
1637121297304, 59244.06,0.00413598,59244.05,59244.06
1637121297476, 59244.06,0.0020486,59244.05,59244.06
1637121297530, 59244.06,0.0003946,59244.05,59244.06
1637121298805, 59244.05,0.000303,59244.05,59244.06
1637121299343, 59244.06,0.00039469,59244.05,59244.06
1637121299468, 59244.01,0.00827197,59244.00,59244.01
1637121299776, 59244,0.02526,59244.00,59244.01
1637121299843, 59244.01,0.00372689,59244.00,59244.01
1637121299856, 59244.01,0.00095722,59244.00,59244.01
1637121300219, 59244,0.15156263,59244.00,59244.01
1637121300890, 59244.01,0.00868352,59244.00,59244.01
1637121300948, 59244,0.00195523,59244.00,59244.01
1637121301157, 59244.01,0.00162638,59244.00,59244.01
1637121301300, 59244.01,0.00161489,59244.00,59244.01
1637121301454, 59244.01,0.0001514,59244.00,59244.01
1637121301519, 59244.01,0.01191919,59244.00,59244.01
1637121301615, 59244.01,0.01972194,59244.00,59244.01
1637121301714, 59244,0.00043841,59244.00,59244.01
1637121301846, 59244.01,0.00242237,59244.00,59244.01
1637121302102, 59244.01,0.00288042,59244.00,59244.01
1637121302740, 59244.01,0.00004127,59244.00,59244.01
1637121303095, 59244.01,0.00162884,59244.00,59244.01
1637121303406, 59244,0.00002398,59244.00,59244.01
1637121303478, 59244,0.1109,59244.00,59244.01
1637121304299, 59244.01,0.00063799,59244.00,59244.01
1637121304339, 59244.01,0.00033622,59244.00,59244.01
1637121304511, 59244.01,0.0003299,59244.00,59244.01
1637121304634, 59244.01,0.00016862,59244.00,59244.01
1637121304684, 59244.01,0.00016529,59244.00,59244.01
1637121304706, 59244.01,0.01654393,59244.00,59244.01
1637121305057, 59244,0.12830409,59244.00,59244.01
1637121305774, 59244,0.04503215,59244.00,59244.01
1637121305785, 59244,0.50652351,59243.17,59244.01
1637121305818, 59243.17,0.0036778,59235.40,59243.18
1637121306330, 59234.47,0.01679823,59234.47,59234.48
1637121306330, 59234.47,0.16872105,59234.08,59234.48
1637121306330, 59234.08,0.01679818,59230.00,59234.48
1637121306330, 59230,0.00135951,59230.00,59234.48
1637121306373, 59231.5,0.071,59230.00,59233.93
1637121306373, 59233.93,0.0300423,59230.00,59234.14
1637121306373, 59234.14,0.02951622,59230.00,59239.84
1637121306373, 59239.84,0.20538829,59230.00,59239.84
1637121306613, 59234.48,0.00161492,59233.93,59234.48
1637121306767, 59230.87,0.00007458,59230.87,59233.94
1637121307207, 59231.18,0.0000457,59231.18,59233.94
1637121307318, 59230.11,0.00246636,59230.11,59231.24
1637121307411, 59231.24,0.00162884,59230.13,59231.24
1637121307467, 59231.24,0.00006733,59230.16,59231.24
1637121307665, 59231.24,0.00039483,59231.23,59231.24
1637121308076, 59231.24,0.00015141,59231.23,59231.24
1637121308661, 59231.24,0.00496432,59231.23,59231.24
1637121309215, 59230.05,0.01950726,59230.05,59231.08
1637121309606, 59231.24,0.25335824,59230.09,59231.24
1637121309606, 59231.24,0.13623133,59230.09,59231.24
1637121309666, 59230.1,0.00167904,59230.05,59230.10
1637121309821, 59230.01,0.00291423,59230.00,59230.01
1637121309821, 59230.01,0.00827197,59230.00,59230.01
1637121310250, 59230.01,0.00004965,59230.00,59230.01
1637121310278, 59230.01,0.00420611,59230.00,59230.01
1637121310404, 59230,0.0147,59230.00,59230.01
1637121310577, 59230,0.00024499,59230.00,59230.01
1637121310757, 59230,0.000505,59230.00,59230.01
1637121310774, 59230.01,0.00082483,59230.00,59230.01
1637121311091, 59230.01,0.00825593,59230.00,59230.01
1637121311137, 59230.01,0.00004425,59230.00,59230.01
1637121311398, 59230.01,0.0004704,59230.00,59230.01
1637121311505, 59230.01,0.00063799,59230.00,59230.01
1637121311525, 59230,0.03921,59230.00,59230.01
1637121311540, 59230,0.00000273,59226.86,59230.01
1637121311540, 59226.86,0.00083727,59226.86,59230.01
1637121311562, 59226.86,0.0000033,59225.95,59226.87
1637121311562, 59225.95,0.1687267,59225.95,59226.87
1637121311583, 59225.96,0.00162919,59225.95,59225.96
1637121311587, 59225.95,0.00000823,59222.27,59225.96
1637121311722, 59222.28,0.00006734,59222.27,59222.28
1637121312197, 59222.28,0.08274389,59222.27,59222.28
1637121312204, 59222.27,0.00003393,59222.27,59222.28
1637121312251, 59222.28,0.00087327,59222.27,59222.28
1637121312457, 59222.27,0.000084,59222.27,59222.28
1637121312483, 59222.27,0.0004,59222.27,59222.28
1637121312600, 59222.28,0.0002155,59222.27,59222.28
1637121312600, 59222.28,0.00062457,59222.27,59222.28
1637121312770, 59222.28,0.0024689,59222.27,59222.28
1637121312779, 59222.28,0.00015131,59222.27,59222.28
1637121312791, 59222.27,0.00008,59222.27,59222.28
1637121313016, 59222.27,0.00000059,59220.00,59222.28
1637121313016, 59220,0.00319941,59220.00,59222.28
1637121313024, 59220,0.00004729,59205.77,59222.28
1637121313451, 59205.78,0.00162932,59205.77,59205.78
1637121313543, 59211.7,0.00034448,59206.96,59211.70
1637121314507, 59221.6,0.00040997,59219.93,59221.60
1637121314734, 59221.6,0.00330886,59221.59,59221.60
1637121314827, 59222.28,3.29981,59222.27,59222.28
1637121314900, 59222.28,0.00000742,59222.27,59226.86
1637121314900, 59226.86,0.00167258,59222.27,59226.86
1637121314900, 59226.86,0.00001072,59222.27,59230.01
1637121314900, 59230.01,0.00014072,59222.27,59230.01
1637121314949, 59230.01,0.18396928,59225.25,59232.79
1637121314980, 59232.79,0.00080628,59230.00,59232.79
1637121315073, 59232.79,0.01469372,59232.78,59234.90
1637121315218, 59237.73,0.0003101,59237.72,59237.73
1637121315782, 59237.73,0.00016839,59237.72,59237.73
1637121316150, 59237.73,0.00006735,59237.72,59237.73
1637121316162, 59237.73,0.07045416,59237.72,59237.73
1637121316162, 59237.73,0.26766963,59237.72,59237.73
1637121316224, 59237.72,0.0023416,59237.72,59237.73
1637121316327, 59237.72,0.000034,59237.72,59237.73
1637121316332, 59237.73,0.00039495,59237.72,59237.73
1637121316465, 59237.73,0.00458141,59237.72,59237.73
1637121316639, 59237.72,0.013,59237.72,59237.73
1637121316947, 59235.62,0.00258774,59231.31,59235.62
1637121317039, 59230.96,0.00848331,59230.96,59235.58
1637121317276, 59234.64,0.00336105,59230.96,59235.59
1637121317276, 59235.59,0.00452068,59230.96,59235.59
1637121317639, 59235.59,0.00067471,59230.93,59235.60
1637121317639, 59235.6,0.00100506,59230.93,59235.60
1637121317777, 59232.42,0.00080635,59230.93,59232.42
1637121317857, 59232.41,0.00004388,59232.41,59237.54
1637121318075, 59237.73,0.08274389,59237.72,59237.73
1637121318283, 59237.73,0.00330957,59237.72,59237.73
1637121318715, 59237.73,0.04373723,59237.72,59237.73
1637121318723, 59237.73,0.00011589,59237.72,59237.73
1637121318924, 59237.73,0.00835674,59237.72,59237.73
1637121319011, 59237.73,0.00330145,59237.72,59237.73
1637121319013, 59237.73,0.00006736,59237.72,59237.73
1637121319648, 59237.73,0.00012848,59230.15,59237.73
1637121319719, 59237.73,0.00807316,59230.48,59237.73
1637121319780, 59230.37,0.00007499,59230.37,59237.07
1637121319903, 59237.07,0.00162919,59230.37,59237.07
1637121320246, 59231.24,0.0041398,59231.23,59231.24
1637121320254, 59231.24,0.00080652,59231.23,59231.24
1637121320269, 59231.24,0.0001684,59231.23,59231.24
